<?xml version="1.0" encoding="UTF-8"?>
<cat:CT_CodelistCatalogue xmlns:xsi="http://www.w3.org/2001/XMLSchema-instance" xmlns:cat="http://standards.iso.org/iso/19115/-3/cat/1.0" xmlns:lan="http://standards.iso.org/iso/19115/-3/lan/1.0" xmlns:gco="http://standards.iso.org/iso/19115/-3/gco/1.0" xmlns:gml="https://www.opengis.net/gml/3.2" xmlns:xlink="http://www.w3.org/1999/xlink" xsi:schemaLocation="http://standards.iso.org/iso/19115/-3/cat/1.0 ../../../../19115/-3/cat/1.0/cat.xsd">
   <!--=====Catalogue description=====-->
   <cat:name>
      <gco:CharacterString>Codelists from the Calibration (cal) Namespace</gco:CharacterString>
   </cat:name>
   <cat:scope>
      <gco:CharacterString>Codelists from the Calibration (cal) Namespace</gco:CharacterString>
   </cat:scope>
   <cat:fieldOfApplication>
      <gco:CharacterString>Calibration of Microwave Radiometer Sensors</gco:CharacterString>
   </cat:fieldOfApplication>
   <cat:versionNumber>
      <gco:CharacterString>1.0</gco:CharacterString>
   </cat:versionNumber>
   <cat:versionDate>
      <gco:Date>2021-04-27</gco:Date>
   </cat:versionDate>
   <cat:locale>
      <lan:PT_Locale>
         <lan:language>
            <lan:LanguageCode codeList="https://schemas.isotc211.org/19115/-3/lan/1.0/codelists.xml#LanguageCode" codeListValue="eng">eng</lan:LanguageCode>
         </lan:language>
         <lan:characterEncoding>
            <lan:MD_CharacterSetCode codeList="https://schemas.isotc211.org/19115/-3/lan/1.0/codelists.xml#MD_CharacterSetCode" codeListValue="UTF-8">UTF-8</lan:MD_CharacterSetCode>
         </lan:characterEncoding>
      </lan:PT_Locale>
   </cat:locale>
   <!--============================= Codelists =======================================-->
   <cat:codelistItem>
      <cat:CT_Codelist id="CA_CalibrationType">
         <cat:identifier>
            <gco:ScopedName codeSpace="https://schemas.isotc211.org/19159/-4/cal/1.0">CA_CalibrationType</gco:ScopedName>
         </cat:identifier>
         <cat:name>
            <gco:ScopedName codeSpace="https://schemas.isotc211.org/19159/-4/cal/1.0">CA_CalibrationType</gco:ScopedName>
         </cat:name>
         <cat:definition><gco:CharacterString>Type of calibration dedicated to certain sensor</gco:CharacterString></cat:definition>
         <cat:description><gco:CharacterString>Type of calibration dedicated to certain sensor</gco:CharacterString></cat:description>
         <cat:codeEntry>
         <cat:CT_CodelistValue id="CA_CalibrationType_optics">
            <cat:identifier>
               <gco:ScopedName codeSpace="https://schemas.isotc211.org/19159/-4/cal/1.0">optics</gco:ScopedName>
            </cat:identifier>
            <cat:name>
               <gco:ScopedName codeSpace="https://schemas.isotc211.org/19159/-4/cal/1.0">optics</gco:ScopedName>
            </cat:name>
            <cat:definition>
               <gco:CharacterString>Optics sensor calibration.</gco:CharacterString>
            </cat:definition>
            <cat:description>
               <gco:CharacterString>Optics sensor calibration.</gco:CharacterString>
            </cat:description>
         </cat:CT_CodelistValue>
         </cat:codeEntry>
         <cat:codeEntry>
         <cat:CT_CodelistValue id="CA_CalibrationType_lidar">
            <cat:identifier>
               <gco:ScopedName codeSpace="https://schemas.isotc211.org/19159/-4/cal/1.0">lidar</gco:ScopedName>
            </cat:identifier>
            <cat:name>
               <gco:ScopedName codeSpace="https://schemas.isotc211.org/19159/-4/cal/1.0">lidar</gco:ScopedName>
            </cat:name>
            <cat:definition>
               <gco:CharacterString>Lidar calibration.</gco:CharacterString>
            </cat:definition>
            <cat:description>
               <gco:CharacterString>Lidar calibration.</gco:CharacterString>
            </cat:description>
         </cat:CT_CodelistValue>
         </cat:codeEntry>
         <cat:codeEntry>
         <cat:CT_CodelistValue id="CA_CalibrationType_sarOrInsar">
            <cat:identifier>
               <gco:ScopedName codeSpace="https://schemas.isotc211.org/19159/-4/cal/1.0">sarOrInsar</gco:ScopedName>
            </cat:identifier>
            <cat:name>
               <gco:ScopedName codeSpace="https://schemas.isotc211.org/19159/-4/cal/1.0">sarOrInsar</gco:ScopedName>
            </cat:name>
            <cat:definition>
               <gco:CharacterString>SAR/INSAR calibration.</gco:CharacterString>
            </cat:definition>
            <cat:description>
               <gco:CharacterString>SAR/INSAR calibration.</gco:CharacterString>
            </cat:description>
         </cat:CT_CodelistValue>
         </cat:codeEntry>
         <cat:codeEntry>
         <cat:CT_CodelistValue id="CA_CalibrationType_microwaveRadiometer">
            <cat:identifier>
               <gco:ScopedName codeSpace="https://schemas.isotc211.org/19159/-4/cal/1.0">microwaveRadiometer</gco:ScopedName>
            </cat:identifier>
            <cat:name>
               <gco:ScopedName codeSpace="https://schemas.isotc211.org/19159/-4/cal/1.0">microwaveRadiometer</gco:ScopedName>
            </cat:name>
            <cat:definition>
               <gco:CharacterString>Microwave radiometer calibration.</gco:CharacterString>
            </cat:definition>
            <cat:description>
               <gco:CharacterString>Microwave radiometer calibration.</gco:CharacterString>
            </cat:description>
         </cat:CT_CodelistValue>
         </cat:codeEntry>
      </cat:CT_Codelist>
   </cat:codelistItem>
   
   <cat:codelistItem>
      <cat:CT_Codelist id="CA_ColdEndType">
         <cat:identifier>
            <gco:ScopedName codeSpace="https://schemas.isotc211.org/19159/-4/cal/1.0">CA_ColdEndType</gco:ScopedName>
         </cat:identifier>
         <cat:name>
            <gco:ScopedName codeSpace="https://schemas.isotc211.org/19159/-4/cal/1.0">CA_ColdEndType</gco:ScopedName>
         </cat:name>
         <cat:definition>
            <gco:CharacterString>Type of the colder target when applying vicarious calibration</gco:CharacterString>
         </cat:definition>
         <cat:description>
            <gco:CharacterString>Type of the colder target when applying vicarious calibration</gco:CharacterString>
         </cat:description>
         <cat:codeEntry>
            <cat:CT_CodelistValue id="CA_ColdEndType_ocean">
               <cat:identifier>
                  <gco:ScopedName codeSpace="https://schemas.isotc211.org/19159/-4/cal/1.0">ocean</gco:ScopedName>
               </cat:identifier>
               <cat:name>
                  <gco:ScopedName codeSpace="https://schemas.isotc211.org/19159/-4/cal/1.0">ocean</gco:ScopedName>
               </cat:name>
               <cat:definition>
                  <gco:CharacterString>Global open ocean emission at the certain sea surface temperature with lower wind speed and clear sky</gco:CharacterString>
               </cat:definition>
               <cat:description>
                  <gco:CharacterString>Global open ocean emission at the certain sea surface temperature with lower wind speed and clear sky</gco:CharacterString>
               </cat:description>
            </cat:CT_CodelistValue>
         </cat:codeEntry>
         <cat:codeEntry>
            <cat:CT_CodelistValue id="CA_ColdEndType_other">
               <cat:identifier>
                  <gco:ScopedName codeSpace="https://schemas.isotc211.org/19159/-4/cal/1.0">other</gco:ScopedName>
               </cat:identifier>
               <cat:name>
                  <gco:ScopedName codeSpace="https://schemas.isotc211.org/19159/-4/cal/1.0">other</gco:ScopedName>
               </cat:name>
               <cat:definition>
                  <gco:CharacterString>Other</gco:CharacterString>
               </cat:definition>
               <cat:description>
                  <gco:CharacterString>Other</gco:CharacterString>
               </cat:description>
            </cat:CT_CodelistValue>
         </cat:codeEntry>
      </cat:CT_Codelist>
   </cat:codelistItem>
   
   <cat:codelistItem>
      <cat:CT_Codelist id="CA_ColdTargetType">
         <cat:identifier>
            <gco:ScopedName codeSpace="https://schemas.isotc211.org/19159/-4/cal/1.0">CA_ColdTargetType</gco:ScopedName>
         </cat:identifier>
         <cat:name>
            <gco:ScopedName codeSpace="https://schemas.isotc211.org/19159/-4/cal/1.0">CA_ColdTargetType</gco:ScopedName>
         </cat:name>
         <cat:definition><gco:CharacterString>Type of the colder target when applying vicarious calibration</gco:CharacterString></cat:definition>
         <cat:description><gco:CharacterString>Type of the colder target when applying vicarious calibration</gco:CharacterString></cat:description>
         <cat:codeEntry>
            <cat:CT_CodelistValue id="CA_ColdTargetType_coldSky">
               <cat:identifier>
                  <gco:ScopedName codeSpace="https://schemas.isotc211.org/19159/-4/cal/1.0">coldSky</gco:ScopedName>
               </cat:identifier>
               <cat:name>
                  <gco:ScopedName codeSpace="https://schemas.isotc211.org/19159/-4/cal/1.0">coldSky</gco:ScopedName>
               </cat:name>
               <cat:definition>
                  <gco:CharacterString>The cosmos background radiation at microwave bands.</gco:CharacterString>
               </cat:definition>
               <cat:description>
                  <gco:CharacterString>The cosmos background radiation at microwave bands.</gco:CharacterString>
               </cat:description>
            </cat:CT_CodelistValue>
         </cat:codeEntry>
         <cat:codeEntry>
            <cat:CT_CodelistValue id="CA_ColdTargetType_Coldblackbody">
               <cat:identifier>
                  <gco:ScopedName codeSpace="https://schemas.isotc211.org/19159/-4/cal/1.0">Coldblackbody</gco:ScopedName>
               </cat:identifier>
               <cat:name>
                  <gco:ScopedName codeSpace="https://schemas.isotc211.org/19159/-4/cal/1.0">Coldblackbody</gco:ScopedName>
               </cat:name>
               <cat:definition>
                  <gco:CharacterString>A manmade broadband passive microwave calibration source with a uniform background 
                     radiation in the microwave region of the spectrum, usually working at the liquid nitrogen temperature 
                     or temperature lower than that of Hotblackbody with a refrigeration technology.</gco:CharacterString>
               </cat:definition>
               <cat:description>
                  <gco:CharacterString>A manmade broadband passive microwave calibration source with a uniform background 
                     radiation in the microwave region of the spectrum, usually working at the liquid nitrogen temperature 
                     or temperature lower than that of Hotblackbody with a refrigeration technology.</gco:CharacterString>
               </cat:description>
            </cat:CT_CodelistValue>
         </cat:codeEntry>
      </cat:CT_Codelist>
   </cat:codelistItem>
   
   <cat:codelistItem>
      <cat:CT_Codelist id="CA_HotEndType">
         <cat:identifier>
            <gco:ScopedName codeSpace="https://schemas.isotc211.org/19159/-4/cal/1.0">CA_HotEndType</gco:ScopedName>
         </cat:identifier>
         <cat:name>
            <gco:ScopedName codeSpace="https://schemas.isotc211.org/19159/-4/cal/1.0">CA_HotEndType</gco:ScopedName>
         </cat:name>
         <cat:definition>
            <gco:CharacterString>Type of the warmer target when applying vicarious calibration</gco:CharacterString>
         </cat:definition>
         <cat:description>
            <gco:CharacterString>Type of the warmer target when applying vicarious calibration</gco:CharacterString>
         </cat:description>
         <cat:codeEntry>
            <cat:CT_CodelistValue id="CA_HotEndType_rainForest">
               <cat:identifier>
                  <gco:ScopedName codeSpace="https://schemas.isotc211.org/19159/-4/cal/1.0">rainForest</gco:ScopedName>
               </cat:identifier>
               <cat:name>
                  <gco:ScopedName codeSpace="https://schemas.isotc211.org/19159/-4/cal/1.0">rainForest</gco:ScopedName>
               </cat:name>
               <cat:definition>
                  <gco:CharacterString>Rain forest, especially referring to Amazon forest.</gco:CharacterString>
               </cat:definition>
               <cat:description>
                  <gco:CharacterString>Rain forest, especially referring to Amazon forest.</gco:CharacterString>
               </cat:description>
            </cat:CT_CodelistValue>
         </cat:codeEntry>
         <cat:codeEntry>
            <cat:CT_CodelistValue id="CA_HotEndType_desert">
               <cat:identifier>
                  <gco:ScopedName codeSpace="https://schemas.isotc211.org/19159/-4/cal/1.0">desert</gco:ScopedName>
               </cat:identifier>
               <cat:name>
                  <gco:ScopedName codeSpace="https://schemas.isotc211.org/19159/-4/cal/1.0">desert</gco:ScopedName>
               </cat:name>
               <cat:definition>
                  <gco:CharacterString>Desert with an area larger than the footprint of a microwave radiometer.</gco:CharacterString>
               </cat:definition>
               <cat:description>
                  <gco:CharacterString>Desert with an area larger than the footprint of a microwave radiometer.</gco:CharacterString>
               </cat:description>
            </cat:CT_CodelistValue>
         </cat:codeEntry>
         <cat:codeEntry>
            <cat:CT_CodelistValue id="CA_HotEndType_moon">
               <cat:identifier>
                  <gco:ScopedName codeSpace="https://schemas.isotc211.org/19159/-4/cal/1.0">moon</gco:ScopedName>
               </cat:identifier>
               <cat:name>
                  <gco:ScopedName codeSpace="https://schemas.isotc211.org/19159/-4/cal/1.0">moon</gco:ScopedName>
               </cat:name>
               <cat:definition>
                  <gco:CharacterString>Moon maybe served as a reference for the stability of a microwave radiometer.</gco:CharacterString>
               </cat:definition>
               <cat:description>
                  <gco:CharacterString>Moon maybe served as a reference for the stability of a microwave radiometer.</gco:CharacterString>
               </cat:description>
            </cat:CT_CodelistValue>
         </cat:codeEntry>
         <cat:codeEntry>
            <cat:CT_CodelistValue id="CA_HotEndType_iceSheet">
               <cat:identifier>
                  <gco:ScopedName codeSpace="https://schemas.isotc211.org/19159/-4/cal/1.0">iceSheet</gco:ScopedName>
               </cat:identifier>
               <cat:name>
                  <gco:ScopedName codeSpace="https://schemas.isotc211.org/19159/-4/cal/1.0">iceSheet</gco:ScopedName>
               </cat:name>
               <cat:definition>
                  <gco:CharacterString>Ice sheet at the polar area of the Earth.</gco:CharacterString>
               </cat:definition>
               <cat:description>
                  <gco:CharacterString>Ice sheet at the polar area of the Earth.</gco:CharacterString>
               </cat:description>
            </cat:CT_CodelistValue>
         </cat:codeEntry>
         <cat:codeEntry>
            <cat:CT_CodelistValue id="CA_HotEndType_other">
               <cat:identifier>
                  <gco:ScopedName codeSpace="https://schemas.isotc211.org/19159/-4/cal/1.0">other</gco:ScopedName>
               </cat:identifier>
               <cat:name>
                  <gco:ScopedName codeSpace="https://schemas.isotc211.org/19159/-4/cal/1.0">other</gco:ScopedName>
               </cat:name>
               <cat:definition>
                  <gco:CharacterString>Other</gco:CharacterString>
               </cat:definition>
               <cat:description>
                  <gco:CharacterString>Other</gco:CharacterString>
               </cat:description>
            </cat:CT_CodelistValue>
         </cat:codeEntry>
      </cat:CT_Codelist>
   </cat:codelistItem>
   
   <cat:codelistItem>
      <cat:CT_Codelist id="CA_HotTargetType">
         <cat:identifier>
            <gco:ScopedName codeSpace="https://schemas.isotc211.org/19159/-4/cal/1.0">CA_HotTargetType</gco:ScopedName>
         </cat:identifier>
         <cat:name>
            <gco:ScopedName codeSpace="https://schemas.isotc211.org/19159/-4/cal/1.0">CA_HotTargetType</gco:ScopedName>
         </cat:name>
         <cat:definition><gco:CharacterString>Type of the warmer target of the microwave radiometer on-board calibration, usually working at the ambient temperature</gco:CharacterString></cat:definition>
         <cat:description><gco:CharacterString>Type of the warmer target of the microwave radiometer on-board calibration, usually working at the ambient temperature</gco:CharacterString></cat:description>
         <cat:codeEntry>
            <cat:CT_CodelistValue id="CA_HotTargetType_Hotblackbody">
               <cat:identifier>
                  <gco:ScopedName codeSpace="https://schemas.isotc211.org/19159/-4/cal/1.0">Hotblackbody</gco:ScopedName>
               </cat:identifier>
               <cat:name>
                  <gco:ScopedName codeSpace="https://schemas.isotc211.org/19159/-4/cal/1.0">Hotblackbody</gco:ScopedName>
               </cat:name>
               <cat:definition>
                  <gco:CharacterString>A manmade broadband passive microwave calibration source with a uniform 
                     background radiation in the microwave region of the spectrum, working at the ambient temperature or 
                     above the temperature of its surroundings.</gco:CharacterString>
               </cat:definition>
               <cat:description>
                  <gco:CharacterString>A manmade broadband passive microwave calibration source with a uniform 
                     background radiation in the microwave region of the spectrum, working at the ambient temperature or 
                     above the temperature of its surroundings.</gco:CharacterString>
               </cat:description>
            </cat:CT_CodelistValue>
         </cat:codeEntry>
         <cat:codeEntry>
            <cat:CT_CodelistValue id="CA_HotTargetType_noiseDiode">
               <cat:identifier>
                  <gco:ScopedName codeSpace="https://schemas.isotc211.org/19159/-4/cal/1.0">noiseDiode</gco:ScopedName>
               </cat:identifier>
               <cat:name>
                  <gco:ScopedName codeSpace="https://schemas.isotc211.org/19159/-4/cal/1.0">noiseDiode</gco:ScopedName>
               </cat:name>
               <cat:definition>
                  <gco:CharacterString>Noise Diode</gco:CharacterString>
               </cat:definition>
               <cat:description>
                  <gco:CharacterString>Noise Diode</gco:CharacterString>
               </cat:description>
            </cat:CT_CodelistValue>
         </cat:codeEntry>
         <cat:codeEntry>
            <cat:CT_CodelistValue id="CA_HotTargetType_matchLoad">
               <cat:identifier>
                  <gco:ScopedName codeSpace="https://schemas.isotc211.org/19159/-4/cal/1.0">matchLoad</gco:ScopedName>
               </cat:identifier>
               <cat:name>
                  <gco:ScopedName codeSpace="https://schemas.isotc211.org/19159/-4/cal/1.0">matchLoad</gco:ScopedName>
               </cat:name>
               <cat:definition>
                  <gco:CharacterString>Microwave match load at a given range of frequencies</gco:CharacterString>
               </cat:definition>
               <cat:description>
                  <gco:CharacterString>Microwave match load at a given range of frequencies</gco:CharacterString>
               </cat:description>
            </cat:CT_CodelistValue>
         </cat:codeEntry>
      </cat:CT_Codelist>
   </cat:codelistItem>
   
   <cat:codelistItem>
      <cat:CT_Codelist id="CA_LandCoverType">
         <cat:identifier>
            <gco:ScopedName codeSpace="https://schemas.isotc211.org/19159/-4/cal/1.0">CA_LandCoverType</gco:ScopedName>
         </cat:identifier>
         <cat:name>
            <gco:ScopedName codeSpace="https://schemas.isotc211.org/19159/-4/cal/1.0">CA_LandCoverType</gco:ScopedName>
         </cat:name>
         <cat:definition><gco:CharacterString>Land cover type</gco:CharacterString></cat:definition>
         <cat:description><gco:CharacterString>Land cover type</gco:CharacterString></cat:description>
         <cat:codeEntry>
            <cat:CT_CodelistValue id="CA_LandCoverType_forest">
               <cat:identifier>
                  <gco:ScopedName codeSpace="https://schemas.isotc211.org/19159/-4/cal/1.0">forest</gco:ScopedName>
               </cat:identifier>
               <cat:name>
                  <gco:ScopedName codeSpace="https://schemas.isotc211.org/19159/-4/cal/1.0">forest</gco:ScopedName>
               </cat:name>
               <cat:definition>
                  <gco:CharacterString>Forest</gco:CharacterString>
               </cat:definition>
               <cat:description>
                  <gco:CharacterString>Forest</gco:CharacterString>
               </cat:description>
            </cat:CT_CodelistValue>
         </cat:codeEntry>
         <cat:codeEntry>
            <cat:CT_CodelistValue id="CA_LandCoverType_grass">
               <cat:identifier>
                  <gco:ScopedName codeSpace="https://schemas.isotc211.org/19159/-4/cal/1.0">grass</gco:ScopedName>
               </cat:identifier>
               <cat:name>
                  <gco:ScopedName codeSpace="https://schemas.isotc211.org/19159/-4/cal/1.0">grass</gco:ScopedName>
               </cat:name>
               <cat:definition>
                  <gco:CharacterString>Grass</gco:CharacterString>
               </cat:definition>
               <cat:description>
                  <gco:CharacterString>Grass</gco:CharacterString>
               </cat:description>
            </cat:CT_CodelistValue>
         </cat:codeEntry>
         <cat:codeEntry>
            <cat:CT_CodelistValue id="CA_LandCoverType_desert">
               <cat:identifier>
                  <gco:ScopedName codeSpace="https://schemas.isotc211.org/19159/-4/cal/1.0">desert</gco:ScopedName>
               </cat:identifier>
               <cat:name>
                  <gco:ScopedName codeSpace="https://schemas.isotc211.org/19159/-4/cal/1.0">desert</gco:ScopedName>
               </cat:name>
               <cat:definition>
                  <gco:CharacterString>Desert</gco:CharacterString>
               </cat:definition>
               <cat:description>
                  <gco:CharacterString>Desert</gco:CharacterString>
               </cat:description>
            </cat:CT_CodelistValue>
         </cat:codeEntry>
         <cat:codeEntry>
            <cat:CT_CodelistValue id="CA_LandCoverType_inlandWater">
               <cat:identifier>
                  <gco:ScopedName codeSpace="https://schemas.isotc211.org/19159/-4/cal/1.0">inlandWater</gco:ScopedName>
               </cat:identifier>
               <cat:name>
                  <gco:ScopedName codeSpace="https://schemas.isotc211.org/19159/-4/cal/1.0">inlandWater</gco:ScopedName>
               </cat:name>
               <cat:definition>
                  <gco:CharacterString>Inland water</gco:CharacterString>
               </cat:definition>
               <cat:description>
                  <gco:CharacterString>Inland water</gco:CharacterString>
               </cat:description>
            </cat:CT_CodelistValue>
         </cat:codeEntry>
         <cat:codeEntry>
            <cat:CT_CodelistValue id="CA_LandCoverType_iceSheet">
               <cat:identifier>
                  <gco:ScopedName codeSpace="https://schemas.isotc211.org/19159/-4/cal/1.0">iceSheet</gco:ScopedName>
               </cat:identifier>
               <cat:name>
                  <gco:ScopedName codeSpace="https://schemas.isotc211.org/19159/-4/cal/1.0">iceSheet</gco:ScopedName>
               </cat:name>
               <cat:definition>
                  <gco:CharacterString>Ice sheet</gco:CharacterString>
               </cat:definition>
               <cat:description>
                  <gco:CharacterString>Ice sheet</gco:CharacterString>
               </cat:description>
            </cat:CT_CodelistValue>
         </cat:codeEntry>
         <cat:codeEntry>
            <cat:CT_CodelistValue id="CA_LandCoverType_other">
               <cat:identifier>
                  <gco:ScopedName codeSpace="https://schemas.isotc211.org/19159/-4/cal/1.0">other</gco:ScopedName>
               </cat:identifier>
               <cat:name>
                  <gco:ScopedName codeSpace="https://schemas.isotc211.org/19159/-4/cal/1.0">other</gco:ScopedName>
               </cat:name>
               <cat:definition>
                  <gco:CharacterString>Other</gco:CharacterString>
               </cat:definition>
               <cat:description>
                  <gco:CharacterString>Other</gco:CharacterString>
               </cat:description>
            </cat:CT_CodelistValue>
         </cat:codeEntry>
      </cat:CT_Codelist>
   </cat:codelistItem>
   
   <cat:codelistItem>
      <cat:CT_Codelist id="CA_ObservationType">
         <cat:identifier>
            <gco:ScopedName codeSpace="https://schemas.isotc211.org/19159/-4/cal/1.0">CA_ObservationType</gco:ScopedName>
         </cat:identifier>
         <cat:name>
            <gco:ScopedName codeSpace="https://schemas.isotc211.org/19159/-4/cal/1.0">CA_ObservationType</gco:ScopedName>
         </cat:name>
         <cat:definition><gco:CharacterString>Type of observation manner of the microwave radiometer, usually relative to the geometry configuration and the target being observed</gco:CharacterString></cat:definition>
         <cat:description><gco:CharacterString>Type of observation manner of the microwave radiometer, usually relative to the geometry configuration and the target being observed</gco:CharacterString></cat:description>
         <cat:codeEntry>
            <cat:CT_CodelistValue id="CA_ObservationType_imager">
               <cat:identifier>
                  <gco:ScopedName codeSpace="https://schemas.isotc211.org/19159/-4/cal/1.0">imager</gco:ScopedName>
               </cat:identifier>
               <cat:name>
                  <gco:ScopedName codeSpace="https://schemas.isotc211.org/19159/-4/cal/1.0">imager</gco:ScopedName>
               </cat:name>
               <cat:definition>
                  <gco:CharacterString>Microwave radiometer, usually for imaging the surface of the Earth with conical scanning antenna.</gco:CharacterString>
               </cat:definition>
               <cat:description>
                  <gco:CharacterString>Microwave radiometer, usually for imaging the surface of the Earth with conical scanning antenna.</gco:CharacterString>
               </cat:description>
            </cat:CT_CodelistValue>
         </cat:codeEntry>
         <cat:codeEntry>
            <cat:CT_CodelistValue id="CA_ObservationType_sounder">
               <cat:identifier>
                  <gco:ScopedName codeSpace="https://schemas.isotc211.org/19159/-4/cal/1.0">sounder</gco:ScopedName>
               </cat:identifier>
               <cat:name>
                  <gco:ScopedName codeSpace="https://schemas.isotc211.org/19159/-4/cal/1.0">sounder</gco:ScopedName>
               </cat:name>
               <cat:definition>
                  <gco:CharacterString>Microwave radiometer, usually for sounding the atmospheric profiles of the temperature, 
                     humidity, and other parameters with cross-tracking scanning antenna.</gco:CharacterString>
               </cat:definition>
               <cat:description>
                  <gco:CharacterString>Microwave radiometer, usually for sounding the atmospheric profiles of the temperature, 
                     humidity, and other parameters with cross-tracking scanning antenna.</gco:CharacterString>
               </cat:description>
            </cat:CT_CodelistValue>
         </cat:codeEntry>
      </cat:CT_Codelist>
   </cat:codelistItem>
   
   <cat:codelistItem>
      <cat:CT_Codelist id="CA_PayloadOperatingStatus">
         <cat:identifier>
            <gco:ScopedName codeSpace="https://schemas.isotc211.org/19159/-4/cal/1.0">CA_PayloadOperatingStatus</gco:ScopedName>
         </cat:identifier>
         <cat:name>
            <gco:ScopedName codeSpace="https://schemas.isotc211.org/19159/-4/cal/1.0">CA_PayloadOperatingStatus</gco:ScopedName>
         </cat:name>
         <cat:definition><gco:CharacterString>Payload operating status of the satellite microwave radiometer</gco:CharacterString></cat:definition>
         <cat:description><gco:CharacterString>Payload operating status of the satellite microwave radiometer</gco:CharacterString></cat:description>
         <cat:codeEntry>
            <cat:CT_CodelistValue id="CA_PayloadOperatingStatus_normal">
               <cat:identifier>
                  <gco:ScopedName codeSpace="https://schemas.isotc211.org/19159/-4/cal/1.0">normal</gco:ScopedName>
               </cat:identifier>
               <cat:name>
                  <gco:ScopedName codeSpace="https://schemas.isotc211.org/19159/-4/cal/1.0">normal</gco:ScopedName>
               </cat:name>
               <cat:definition>
                  <gco:CharacterString>Normal</gco:CharacterString>
               </cat:definition>
               <cat:description>
                  <gco:CharacterString>Normal</gco:CharacterString>
               </cat:description>
            </cat:CT_CodelistValue>
         </cat:codeEntry>
         <cat:codeEntry>
            <cat:CT_CodelistValue id="CA_PayloadOperatingStatus_satelliteAbnormal">
               <cat:identifier>
                  <gco:ScopedName codeSpace="https://schemas.isotc211.org/19159/-4/cal/1.0">satelliteAbnormal</gco:ScopedName>
               </cat:identifier>
               <cat:name>
                  <gco:ScopedName codeSpace="https://schemas.isotc211.org/19159/-4/cal/1.0">satelliteAbnormal</gco:ScopedName>
               </cat:name>
               <cat:definition>
                  <gco:CharacterString>Satellite Abnormal</gco:CharacterString>
               </cat:definition>
               <cat:description>
                  <gco:CharacterString>Satellite Abnormal</gco:CharacterString>
               </cat:description>
            </cat:CT_CodelistValue>
         </cat:codeEntry>
         <cat:codeEntry>
            <cat:CT_CodelistValue id="CA_PayloadOperatingStatus_payloadAbnormal">
               <cat:identifier>
                  <gco:ScopedName codeSpace="https://schemas.isotc211.org/19159/-4/cal/1.0">payloadAbnormal</gco:ScopedName>
               </cat:identifier>
               <cat:name>
                  <gco:ScopedName codeSpace="https://schemas.isotc211.org/19159/-4/cal/1.0">payloadAbnormal</gco:ScopedName>
               </cat:name>
               <cat:definition>
                  <gco:CharacterString>Payload Abnormal</gco:CharacterString>
               </cat:definition>
               <cat:description>
                  <gco:CharacterString>Payload Abnormal</gco:CharacterString>
               </cat:description>
            </cat:CT_CodelistValue>
         </cat:codeEntry>
         <cat:codeEntry>
            <cat:CT_CodelistValue id="CA_PayloadOperatingStatus_otherAbnormal">
               <cat:identifier>
                  <gco:ScopedName codeSpace="https://schemas.isotc211.org/19159/-4/cal/1.0">otherAbnormal</gco:ScopedName>
               </cat:identifier>
               <cat:name>
                  <gco:ScopedName codeSpace="https://schemas.isotc211.org/19159/-4/cal/1.0">otherAbnormal</gco:ScopedName>
               </cat:name>
               <cat:definition>
                  <gco:CharacterString>Other Abnormal</gco:CharacterString>
               </cat:definition>
               <cat:description>
                  <gco:CharacterString>Other Abnormal</gco:CharacterString>
               </cat:description>
            </cat:CT_CodelistValue>
         </cat:codeEntry>
      </cat:CT_Codelist>
   </cat:codelistItem>
   
   <cat:codelistItem>
      <cat:CT_Codelist id="CA_ReceiverType">
         <cat:identifier>
            <gco:ScopedName codeSpace="https://schemas.isotc211.org/19159/-4/cal/1.0">CA_ReceiverType</gco:ScopedName>
         </cat:identifier>
         <cat:name>
            <gco:ScopedName codeSpace="https://schemas.isotc211.org/19159/-4/cal/1.0">CA_ReceiverType</gco:ScopedName>
         </cat:name>
         <cat:definition><gco:CharacterString>Receiver type of the microwave radiometer</gco:CharacterString></cat:definition>
         <cat:description><gco:CharacterString>Receiver type of the microwave radiometer</gco:CharacterString></cat:description>
         <cat:codeEntry>
            <cat:CT_CodelistValue id="CA_ReceiverType_DSB">
               <cat:identifier>
                  <gco:ScopedName codeSpace="https://schemas.isotc211.org/19159/-4/cal/1.0">DSB</gco:ScopedName>
               </cat:identifier>
               <cat:name>
                  <gco:ScopedName codeSpace="https://schemas.isotc211.org/19159/-4/cal/1.0">DSB</gco:ScopedName>
               </cat:name>
               <cat:definition>
                  <gco:CharacterString>Double Side Band receiver</gco:CharacterString>
               </cat:definition>
               <cat:description>
                  <gco:CharacterString>Double Side Band receiver</gco:CharacterString>
               </cat:description>
            </cat:CT_CodelistValue>
         </cat:codeEntry>
         <cat:codeEntry>
            <cat:CT_CodelistValue id="CA_ReceiverType_SSB">
               <cat:identifier>
                  <gco:ScopedName codeSpace="https://schemas.isotc211.org/19159/-4/cal/1.0">SSB</gco:ScopedName>
               </cat:identifier>
               <cat:name>
                  <gco:ScopedName codeSpace="https://schemas.isotc211.org/19159/-4/cal/1.0">SSB</gco:ScopedName>
               </cat:name>
               <cat:definition>
                  <gco:CharacterString>Single Side Band receiver</gco:CharacterString>
               </cat:definition>
               <cat:description>
                  <gco:CharacterString>Single Side Band receiver</gco:CharacterString>
               </cat:description>
            </cat:CT_CodelistValue>
         </cat:codeEntry>
      </cat:CT_Codelist>
   </cat:codelistItem>
   
   <!-- TODO: Verify need for this after CA_TBTrueValue and sub-class restructuring-->
   <cat:codelistItem>
      <cat:CT_Codelist id="CA_TBTrueValueType">
         <cat:identifier>
            <gco:ScopedName codeSpace="https://schemas.isotc211.org/19159/-4/cal/1.0">CA_TBTrueValueType</gco:ScopedName>
         </cat:identifier>
         <cat:name>
            <gco:ScopedName codeSpace="https://schemas.isotc211.org/19159/-4/cal/1.0">CA_TBTrueValueType</gco:ScopedName>
         </cat:name>
         <cat:definition><gco:CharacterString>Type of true value type used in TB calibration/validation</gco:CharacterString></cat:definition>
         <cat:description><gco:CharacterString>Type of true value type used in TB calibration/validation</gco:CharacterString></cat:description>
         <cat:codeEntry>
            <cat:CT_CodelistValue id="CA_TBTrueValueType_vicariousCalibration">
               <cat:identifier>
                  <gco:ScopedName codeSpace="https://schemas.isotc211.org/19159/-4/cal/1.0">vicariousCalibration</gco:ScopedName>
               </cat:identifier>
               <cat:name>
                  <gco:ScopedName codeSpace="https://schemas.isotc211.org/19159/-4/cal/1.0">vicariousCalibration</gco:ScopedName>
               </cat:name>
               <cat:definition>
                  <gco:CharacterString>TBs from Vicarious Calibration, especially referring to those from cold-end sea surface vicarious calibration.</gco:CharacterString>
               </cat:definition>
               <cat:description>
                  <gco:CharacterString>TBs from Vicarious Calibration, especially referring to those from cold-end sea surface vicarious calibration.</gco:CharacterString>
               </cat:description>
            </cat:CT_CodelistValue>
         </cat:codeEntry>
         <cat:codeEntry>
            <cat:CT_CodelistValue id="CA_TBTrueValueType_crossCalibration">
               <cat:identifier>
                  <gco:ScopedName codeSpace="https://schemas.isotc211.org/19159/-4/cal/1.0">crossCalibration</gco:ScopedName>
               </cat:identifier>
               <cat:name>
                  <gco:ScopedName codeSpace="https://schemas.isotc211.org/19159/-4/cal/1.0">crossCalibration</gco:ScopedName>
               </cat:name>
               <cat:definition>
                  <gco:CharacterString>TBs from Cross Calibration, especially referring to those from the other satellites.</gco:CharacterString>
               </cat:definition>
               <cat:description>
                  <gco:CharacterString>TBs from Cross Calibration, especially referring to those from the other satellites.</gco:CharacterString>
               </cat:description>
            </cat:CT_CodelistValue>
         </cat:codeEntry>
         <cat:codeEntry>
            <cat:CT_CodelistValue id="CA_TBTrueValueType_absoluteCalibration">
               <cat:identifier>
                  <gco:ScopedName codeSpace="https://schemas.isotc211.org/19159/-4/cal/1.0">absoluteCalibration</gco:ScopedName>
               </cat:identifier>
               <cat:name>
                  <gco:ScopedName codeSpace="https://schemas.isotc211.org/19159/-4/cal/1.0">absoluteCalibration</gco:ScopedName>
               </cat:name>
               <cat:definition>
                  <gco:CharacterString>Observed TBs Minuses Background TBs from microwave transfer model simulations</gco:CharacterString>
               </cat:definition>
               <cat:description>
                  <gco:CharacterString>Observed TBs Minuses Background TBs from microwave transfer model simulations</gco:CharacterString>
               </cat:description>
            </cat:CT_CodelistValue>
         </cat:codeEntry>
      </cat:CT_Codelist>
   </cat:codelistItem>
   <cat:codelistItem>
      <cat:CT_Codelist id="CA_PolarizationMode">
         <cat:identifier>
            <gco:ScopedName codeSpace="https://schemas.isotc211.org/19159/-4/cal/1.0">CA_PolarizationMode</gco:ScopedName>
         </cat:identifier>
         <cat:name>
            <gco:ScopedName codeSpace="https://schemas.isotc211.org/19159/-4/cal/1.0">CA_PolarizationMode</gco:ScopedName>
         </cat:name>
         <cat:definition><gco:CharacterString>Type of main beam polarization mode</gco:CharacterString></cat:definition>
         <cat:description><gco:CharacterString>Type of main beam polarization mode</gco:CharacterString></cat:description>
         <cat:codeEntry>
            <cat:CT_CodelistValue id="CA_PolarizationMode_vPol">
               <cat:identifier>
                  <gco:ScopedName codeSpace="https://schemas.isotc211.org/19159/-4/cal/1.0">v-pol</gco:ScopedName>
               </cat:identifier>
               <cat:name>
                  <gco:ScopedName codeSpace="https://schemas.isotc211.org/19159/-4/cal/1.0">v-pol</gco:ScopedName>
               </cat:name>
               <cat:definition>
                  <gco:CharacterString>Vertical polarization</gco:CharacterString>
               </cat:definition>
               <cat:description>
                  <gco:CharacterString>Vertical polarization</gco:CharacterString>
               </cat:description>
            </cat:CT_CodelistValue>
         </cat:codeEntry>
         <cat:codeEntry>
            <cat:CT_CodelistValue id="CA_PolarizationMode_hPol">
               <cat:identifier>
                  <gco:ScopedName codeSpace="https://schemas.isotc211.org/19159/-4/cal/1.0">h-pol</gco:ScopedName>
               </cat:identifier>
               <cat:name>
                  <gco:ScopedName codeSpace="https://schemas.isotc211.org/19159/-4/cal/1.0">h-pol</gco:ScopedName>
               </cat:name>
               <cat:definition>
                  <gco:CharacterString>Horizontal polarization</gco:CharacterString>
               </cat:definition>
               <cat:description>
                  <gco:CharacterString>Horizontal polarization</gco:CharacterString>
               </cat:description>
            </cat:CT_CodelistValue>
         </cat:codeEntry>
         <cat:codeEntry>
            <cat:CT_CodelistValue id="CA_PolarizationMode_UPol">
               <cat:identifier>
                  <gco:ScopedName codeSpace="https://schemas.isotc211.org/19159/-4/cal/1.0">U-pol</gco:ScopedName>
               </cat:identifier>
               <cat:name>
                  <gco:ScopedName codeSpace="https://schemas.isotc211.org/19159/-4/cal/1.0">U-pol</gco:ScopedName>
               </cat:name>
               <cat:definition>
                  <gco:CharacterString>In-phase covariance between the vertical and horizontal field</gco:CharacterString>
               </cat:definition>
               <cat:description>
                  <gco:CharacterString>In-phase covariance between the vertical and horizontal field</gco:CharacterString>
               </cat:description>
            </cat:CT_CodelistValue>
         </cat:codeEntry>
         <cat:codeEntry>
            <cat:CT_CodelistValue id="CA_PolarizationMode_VPol">
               <cat:identifier>
                  <gco:ScopedName codeSpace="https://schemas.isotc211.org/19159/-4/cal/1.0">V-pol</gco:ScopedName>
               </cat:identifier>
               <cat:name>
                  <gco:ScopedName codeSpace="https://schemas.isotc211.org/19159/-4/cal/1.0">V-pol</gco:ScopedName>
               </cat:name>
               <cat:definition>
                  <gco:CharacterString>Quadrature covariance between the vertical and horizontal field</gco:CharacterString>
               </cat:definition>
               <cat:description>
                  <gco:CharacterString>Quadrature covariance between the vertical and horizontal field</gco:CharacterString>
               </cat:description>
            </cat:CT_CodelistValue>
         </cat:codeEntry>
      </cat:CT_Codelist>
   </cat:codelistItem>
</cat:CT_CodelistCatalogue>
